datetime,headline,summary,source,category,url,related,id
2026-04-14 05:50:34,Anthropic hires Trump-linked lobbying firm Ballard Partners,"Ballard Partners disclosed it was hired to do advocacy “regarding DOW procurement.” DOW stands for Department of War, the Trump administration’s moniker for the Department of Defence",Bloomberg,top news,https://www.bloomberg.com/news/articles/2026-04-13/anthropic-hires-trump-linked-lobbying-firm-ballard-partners,,7797188
2026-04-14 06:14:00,How China is plugging energy supply gaps left by US-Iran conflict - Reuters,How China is plugging energy supply gaps left by US-Iran conflict  Reuters,Reuters,business,https://news.google.com/rss/articles/CBMivgFBVV95cUxNby1sSWpyZmtybGMyOVRha19wNEJVUTMtNHFrVHRQbzJVcWVBUVhoaHUzNnozMlRibk1MMGg5TGRTYnpRcXZKcUp2c25TZE9Rb1VtMWVYMlRmTGw5dE9GSzlqU0M0T3c1T3I4c21fMHhjd3NlaWRsYXkwZGtnazBEX0NRdGFZNjNGWV9rN0pjS2dVdk9qamhOWG0yUmZSQkhzVlFaRjNXdk5VMFZrMTAtNHlmSUdfVWFlX3RXeWVB?oc=5,,7792415
2026-04-14 06:20:00,"Iran to allocate part of oil revenues for reconstruction after attacks, minister says - Reuters","Iran to allocate part of oil revenues for reconstruction after attacks, minister says  Reuters",Reuters,business,https://news.google.com/rss/articles/CBMixAFBVV95cUxQZ1F2dEFkVEVYYXJLcXVrZGZRalV4U0g1cm5RanRYbDRETUw4MzNyYzhEX19paUJlbUQ4MUV6ZVBYX2NqRXh5ZTBWY1lfNFhXYWVhLS1VdGlCVG5CaFlIcF9zRWVxWHVmX1duNmFwVm14TEI2M1kxNVpZLWZWbzlwYTZUZUdCVXFPMTZKdzAtbF9QcmhQOVM4M3p3S3EtcHdDWHJCTVNDb1I2WHlVRTZwZnJoZ2tDMHR5UW9pNDRHc1hzS29w?oc=5,,7792724
2026-04-14 07:49:59,Russian Foreign Minister Lavrov arrives in China for talks on Iran and Ukraine - Reuters,Russian Foreign Minister Lavrov arrives in China for talks on Iran and Ukraine  Reuters,Reuters,business,https://news.google.com/rss/articles/CBMisgFBVV95cUxPLV9tZ0xheUJvVWpxQlFfYmRSdXhZUjJMendRX3dyVWxzeEJReGRDTFJ3WEJnQjBjY1o0U2FZYWRoM0NmMGRsakduZE5yV3RaVEhyNTJzX2podjNEVVAyTWt0UFpRMFFscXl1ZWRjZXhCR0lYRlZudC00N1hnOHhhMDJPcWNTcWlnSlVpQnlzeU5VZXpNY2gwUXlNSXIxTzhkckFjaEVvenp3aTBjaDZpZkxB?oc=5,,7792623
2026-04-14 09:08:58,Bitcoin climbs to 4-week high on hopes of US-Iran peace talks,"Bitcoin reaches a four-week high of $74,945 amid optimism over potential US-Iran peace talks, boosting market sentiment.",Bloomberg,top news,https://www.bloomberg.com/news/articles/2026-04-14/bitcoin-climbs-to-four-week-high-on-hopes-of-us-iran-peace-talks,,7797821
2026-04-14 09:24:00,"UK's Reeves 'frustrated and angry' over US Iran war strategy, Mirror reports - Reuters","UK's Reeves 'frustrated and angry' over US Iran war strategy, Mirror reports  Reuters",Reuters,business,https://news.google.com/rss/articles/CBMivwFBVV95cUxQTzhvekFDdEVRZk5VQkEzWlVNYm4wanFOckR0aXNBbDRaU0FyQTc2ajk0Q2ZLRF9fMm9Ja0ZXV0xkR2FuWHA1d1Bya3Y5SU1JVmZxemZsYXo2XzYzM0szS3JDaG5kRTQ1RXo1Z2w4WWdyMkF4MDJERmViRUNvQzdGNkhXc25oaFBXLUNqNE9MVFpTRjJlNWtBdnZDODNWVl9rV0NsNUNfV0gyOEVCWGZteDgyX3YwMHl4NTExQUtBUQ?oc=5,,7793494
2026-04-14 09:32:18,"US, Iranian teams could return to Islamabad for peace talks this week, multiple sources say - Reuters","US, Iranian teams could return to Islamabad for peace talks this week, multiple sources say  Reuters",Reuters,business,https://news.google.com/rss/articles/CBMizgFBVV95cUxPcjRaRFZqelZraU9jYUs3UExseGJhLVpLLTQ3NzBMMGNDWnUyYTV1ODg0Uy1IWFZTRFFxeGw5WFoyNXpVNUExVXFLUDlRa2huYlpoQ1gzMzE5QmRwLU9QNWh4V2pfS09lcEdIcVNKYnRldWc2MmVNM1lzM2pCRkIxWkNWZVpJWXhKRUZRVjNFUmEwdjRMOVQwM0Y3UGxJSm5jeGRoTjc3Z3N6bmxqMGpkZXRzUUFVWTdPVFUyOUxQenFZdkFqTHVURjRQUVZfdw?oc=5,,7792414
2026-04-14 09:56:21,"U.S. Hormuz blockade hits India just as Russian oil purchase waiver expires, deepening energy worries","U.S. moves to blockade Iran, and let a Russian oil waiver lapse, squeeze India’s energy supplies, exposing its vulnerability under rising U.S. pressure.",CNBC,top news,https://www.cnbc.com/2026/04/14/us-hormuz-blockade-hits-india-just-as-russian-oil-purchase-waiver-expires-deepening-energy-worries.html,,7792931
2026-04-14 09:59:16,Drone hits on Russia ports put Indian refining at risk: IEA,"“Any prolonged disruption to Russian port availability could significantly affect Indian refining operations in the coming weeks,” according to the report.",Bloomberg,top news,https://www.bloomberg.com/news/articles/2026-04-14/drone-hits-on-russia-ports-put-indian-refining-at-risk-iea-says,,7798036
2026-04-14 10:09:00,Oil tankers transiting Strait of Hormuz since start of Iran war - Reuters,Oil tankers transiting Strait of Hormuz since start of Iran war  Reuters,Reuters,business,https://news.google.com/rss/articles/CBMirgFBVV95cUxQY0dPT3VUYnduOWZFZ05qSjU2dV9zdkhWdzh6OVJxdldxbXRiVjQ4T3RWaEFna1g2dWVoWXZCazZudDVwU2VqWk1YZGVYOHAxSGo5OFAxQld4MzRNYmRUd0NGSHZFLUd3d0FiYmNZTFk1RnhtZ3Zqa3dLemc4UGEzR2NfaFl4R1hEckhPcFhnT0ZuYUFKY1NfWmFkeHhnb3NvWGxZX1luR3c2M1FHbHc?oc=5,,7794481
2026-04-14 10:38:50,Airlines urge EU to step in as Iran war chokes jet fuel supply - Reuters,Airlines urge EU to step in as Iran war chokes jet fuel supply  Reuters,Reuters,business,https://news.google.com/rss/articles/CBMiqwFBVV95cUxNcnBlNkdSNVBueHBkVGFmXzUzcEpydmZpLTNZLXVnc0ZiN3hhVGRyNjZkYjZpUWZYWllLMTZoakZILUNWX0tRak1EMmZ1aWQwT2JxQmtmRmUyZFpxRE5oMVBhS2RhWlhCaDBkeUxWTjNTc1lYeFNrUlY0eEhiSzhIQmZVMFZFMUZQVVJNeWFjWjVuNUV2ZEtjaHNJYmZTanJfQXRxd3RyYUhlX0U?oc=5,,7792830
2026-04-14 10:51:00,"No discussions between Qatar and Iran over payment of funds to stop Iranian attacks, Qatari official says - Reuters","No discussions between Qatar and Iran over payment of funds to stop Iranian attacks, Qatari official says  Reuters",Reuters,business,https://news.google.com/rss/articles/CBMizwFBVV95cUxNQUhIZlFpdjlxTUZyZV9nQ1N6ZzlRZW1MUkloc2hQVFpWMVVoRUJUbVBaeVdfeUZLck1DWWhyVHFfcTNGWm1ETzJscTE2RmRGWW0ya1JKbFJwZ3BvcnIweUxkMlVZSEk0ejZGS1RoTTlZMGMxZ05FYW5wQ2NjdldfMnI2SlUyUHpMV3VIUTdGWFl5YmpsOFhzeXdHTHdWRFZfTGU1OEZoaGp4X2lJYXJGUXFUN2VhVWNGZkVmdHE0cUhCeHhaOXlpWEpPQ0IyLVU?oc=5,,7794482
2026-04-14 11:17:43,"Iran war could hit India's car production, auto body says - Reuters","Iran war could hit India's car production, auto body says  Reuters",Reuters,business,https://news.google.com/rss/articles/CBMipgFBVV95cUxOelJGMXA5c1FqeFFvVU5DajFCNldZRFVlTGxRQnlUOTFodjFUYzRIZWdxblhUQTU4dkxJU0tNV1IxZWc0aFBFbnVaeWJ5OVZnZ3d4Y29mOHdKVkZWMUFoMUVMQ29tZWt1YXdRU2tlMWg3TWkyRTlyM1l2LWxXUzVBOWtCbE1hMUVpaTMtNDZHT1dlMkNXY1VYeEV6TzJ4U19MNERyVkl3?oc=5,,7794587
2026-04-14 12:01:01,"The top 10 large U.S. cities for recent college graduates in 2026, according to new report—3 are in Texas","New York City and LA didn't make the list, published by Glassdoor and Redfin on April 14.",CNBC,top news,https://www.cnbc.com/2026/04/14/top-large-us-cities-for-recent-college-grads-in-2026.html,,7793365
2026-04-14 12:26:45,Aid groups use land routes to deliver humanitarian relief to Iran - Reuters,Aid groups use land routes to deliver humanitarian relief to Iran  Reuters,Reuters,business,https://news.google.com/rss/articles/CBMiswFBVV95cUxQbGNXbHN0Yzh5bUhDMnZneDM5cUNpR0ljcVRreGlXcFRiZGw2SkE5Zmp6bHhzSVg4T2NyTlh4dl8xMlFlY09TVkh6RmotcTJPUW5VRjVrVmlTZ2pic2Q1VVZwZU5hRGczOG1rRkVWUzdFS1ZpcHNwZW0weU93REM5cnNhS0lDc0NpeUQ2MC1XVzliZm5HM0hyTFFfOUtYTkxtbHAtOGVhdFV1ZHFGUmMxWmtfSQ?oc=5,,7794374
2026-04-14 12:41:33,"IEA warns Iran war oil shock will cut supply, cause demand to shrink - Reuters","IEA warns Iran war oil shock will cut supply, cause demand to shrink  Reuters",Reuters,business,https://news.google.com/rss/articles/CBMinwFBVV95cUxOQXM5Q1RVNkFkMGRfUDZtODlwWXU0dGJGWFc3d2RaYVpLNHl1bHZuM01kcFpxUmdZOFRHa19zNUFwTHdRZ1EzbXJYMjhFUDlPOUVJUXBYZVlHdW84WGpjSXI3Q3BvQ0JxYmMxdmE2VV9xNTdCU09oOFFUVk4yVzJ1NC1MUmQ0WkhIRmZ0ZDQ4cGtfdGxLWnNZREE0eEsxUkk?oc=5,,7792624
2026-04-14 12:50:00,"Despite Israeli firepower, Netanyahu struggles for political gains in Iran war - Reuters","Despite Israeli firepower, Netanyahu struggles for political gains in Iran war  Reuters",Reuters,business,https://news.google.com/rss/articles/CBMiwwFBVV95cUxQaFdkUERuUm9RWnBOMl9CdmY3bnlHT0ZBWmZuMEJrQzdFZXhELTNIQThwaE4zRGNJdjV4aTRad2t5VmcxMjVCYTlIVlNuTVJCV0pXTVZNTjNpT1dCeWl1N0pHWGNacU9xMkVnR1pHRWhSSDZ6RGNsV0FTTUdfbTJkaFJfY3dOOFBCWFhZakFXeGRTVDY0aTlMbWcxM3FKbFNhTkRNMFc5ZEhDTXJjMk5BZ1NYM01rTFlVLUQwblIzZzF1NDA?oc=5,,7793825
2026-04-14 12:53:51,What does a US naval blockade of Iran mean for oil flows? - Reuters,What does a US naval blockade of Iran mean for oil flows?  Reuters,Reuters,business,https://news.google.com/rss/articles/CBMiowFBVV95cUxPQWl1RFA3RW1leHlOYVRnNDdIcjVubVI3VjhfU1FVN3BvdFNLRFNKY2l0OUxJVVRPR0djcEtBX1hzOWk2TkVTMk4wWGN3N1NINmhfRmtjUGNoRUpPWkdFWk52a013UVFtNVBORnRuRzFQdWUwLWdQTDBYNU1heFN5R24yQnVfZVZJOTk0N1NNbzlQamhGZ0hZcFBoMGJ4c1B0a2dF?oc=5,,7787568
2026-04-14 12:54:14,Treasury Secretary Bessent now says it's OK for the Fed to wait to lower rates amid oil surge,"Bessent has previously said the Fed should hasten cutting interest rates, calling reductions ""the only ingredient missing"" for stronger economic growth.",CNBC,top news,https://www.cnbc.com/2026/04/14/treasury-secretary-bessent-now-says-its-ok-for-the-fed-to-wait-to-lower-rates-amid-oil-surge.html,,7793598
2026-04-14 13:06:07,Jim Cramer's top 10 things to watch in the stock market Tuesday,"Stocks are headed for a higher open, including the Nasdaq. The index enters today's session up nine sessions in a row, the longest winning streak since 2023.",CNBC,top news,https://www.cnbc.com/2026/04/14/jim-cramers-top-10-things-to-watch-in-the-stock-market-tuesday.html,,7793599
2026-04-14 13:26:32,"Lucid names auto industry outsider as CEO, expands Uber deal","Lucid Group has named former chairman and CEO of Schindler Group, an industrial machinery manufacturer of escalators and elevators, as its new chief executive.",CNBC,business,https://www.cnbc.com/2026/04/14/lucid-ceo-silvio-napoli.html,,7793703
2026-04-14 13:28:42,China's export engine stutters as Iran war chills global demand - Reuters,China's export engine stutters as Iran war chills global demand  Reuters,Reuters,business,https://news.google.com/rss/articles/CBMirAFBVV95cUxNLXhzMWhMLWxBWlF0NWZkb0RLQ3gtNXVYZmRVRng0MUw2clZ6dGVFbFdpeHR2UllHYmRmUHBWT29fNjA3aEQ2bDRzLUN6WGJTM19FVjdRMjQ3VGlLbjZKOEpLV1pRQmpJWnZ3ODRETWRvN2dqcHNYM1lCVUl4TVBEZ2t1SFAwbTd4RXVNVnZrOE9ZVnF4a0J3bnloNWJseGhWTGFJWEJtMnRGbmhX?oc=5,,7792209
2026-04-14 13:50:58,"Euro zone faces big growth hit even if Iran war quickly resolved, IMF says - Reuters","Euro zone faces big growth hit even if Iran war quickly resolved, IMF says  Reuters",Reuters,business,https://news.google.com/rss/articles/CBMiugFBVV95cUxQZzNqMUMwb3M0dUgwOFB0SHVOeWtBaWctaEVzMHdRODI4UzRGZElUX18wNjQ3SHFGd01udXFrd19YRG9Qc0RFNGxLUkwwT19sVkJYQkJFYWZKeU1rUEcxaXZIX3dTOUpJSnZRamJrbjgwTTgxUTVibTRFb2xkeHRnc3R2M1RpSnVKN0hxc1ZqNmRYRzM4WEVaTUtzVWRwRXlvVE1Ld2hGa2xzMXlvMVVLWFVYSjJOSlJWUkE?oc=5,,7794483
2026-04-14 13:55:00,"IMF cuts growth outlook, warns world already drifting toward more adverse scenario - Reuters","IMF cuts growth outlook, warns world already drifting toward more adverse scenario  Reuters",Reuters,business,https://news.google.com/rss/articles/CBMivgFBVV95cUxOcmNiNzBrS0RzczdCcVIwbHZiUkpaZEZhM05IU2FFbWFjX21ZdlA1ampGV1lfM1lwX1l4SnM3dVY0VHBtLUdMY3ZneFpVVkVIbFNTVUllWHZUSDBKdUhpa1pWT3NVMGdSeFRaMFdENHlWc1prUFVma0JXZEhGSmtJaHl5MFRhX001QklYcEpxczltLUNfQXlETUdPNXNlTEhGTTVEand1WVg3QUF3R2Z3a2xMa1I5SXlIc1QwdmFB?oc=5,,7794052
2026-04-14 14:01:57,Trump says gas prices 'could be the same' or 'a little bit higher' by the midterms,"The U.S. began blocking ships through the Strait of Hormuz on Monday, sending oil prices surging after peace talks failed over the weekend.",CNBC,top news,https://www.cnbc.com/2026/04/14/trump-gas-prices-midterms-iran-war.html,,7793820
2026-04-14 14:52:19,Blackstone’s Joan Solotar says investors should separate ‘signal from the noise’ in private credit,"Joan Solotar, global head of Blackstone Private Wealth, said the capital flight from private credit isn't justified by the likely returns and potential losses.",CNBC,business,https://www.cnbc.com/2026/04/14/blackstone-exec-joan-solotar-private-credit-signal-noise.html,,7794048
2026-04-14 15:43:43,"Trump says Iran talks could resume over next two days, NY Post reports - Reuters","Trump says Iran talks could resume over next two days, NY Post reports  Reuters",Reuters,business,https://news.google.com/rss/articles/CBMiwAFBVV95cUxPVFNtNlYzaGpvRnRXd2t3OU9vOXBZZWhSYm5DRmhKOFpaMF9aaXVvbUhCUm9mTXF6SnVSODhMNjc5Ujhwc1A0Zllrd1Z6aFFkd0xSc0t3OU45ak5XUG1VSHkwcXJNby1PSjc5aXFtWnJrQjFyRVlvZWJJN2sxLURVVDB5UlBEM3dVQnY4a2RwZ2k2VnFXU25oM3loTjhqU2tiakRjUV9JZGVINmhLM1VMNkE3a1BjVmJMWW9TTFk4M3k?oc=5,,7794373
2026-04-14 16:09:40,"What a United-American merger would mean, from antitrust hurdles to airfare",United Airlines CEO Scott Kirby reportedly floated a potential merger with Trump administration officials earlier this year.,CNBC,business,https://www.cnbc.com/2026/04/14/united-airlines-american-airlines-merger-report.html,,7794263
2026-04-14 16:19:12,UK stocks rise on hopes of US-Iran peace talks - Reuters,UK stocks rise on hopes of US-Iran peace talks  Reuters,Reuters,business,https://news.google.com/rss/articles/CBMirgFBVV95cUxPemNCWkw1bkFMaFNSdmZLRnE3ZGVCekdGSlplRWxXaFdEQzlWVFl1Z3hMV0g0bmloNjBOWHQyMngydG5PSHFTcENSYmRSZlJHZjRKTHNjN0ZkRkYyQ293NkRPUGFWcFRPZ05zUWtvalhmSEpheVFRUHRLeENCOFZ6Z3dOaEpVZlpYNFVYdGVYbU1kQjA2MVBRXzZPTzdBRVZ0eWdSNDdxdFczcE9jZVE?oc=5,,7795846
2026-04-14 16:25:44,"Fertiliser shortages due to Iran war are a key worry for developing world, UN agency says - Reuters","Fertiliser shortages due to Iran war are a key worry for developing world, UN agency says  Reuters",Reuters,business,https://news.google.com/rss/articles/CBMivgFBVV95cUxNdEtTakxtZGl1by0tX3JuSk5sLXNNVXJEdVRIXzJHb1BndmJsNy1rWl9YVlhqdU5tT1RnbzdsTjdWS3BqRUJ0dVJZRUVabDJtbjRJOUpGT1EtRHEzMGEtUkdsZXRCbExsTkZ3NWo3WXM4N1l3eWk2V0YyakFnZm5CbVJrYmpndGF6X1dQU3VXWnNyUncySEJJUjZHZEpSUWhhdUZXNkxBb3BHeTE5VFFwSFg0QVJIdGJaeWRJRkdR?oc=5,,7795224
2026-04-14 16:31:43,Jim Cramer wants to trim this Mag 7 position and says hold on to another one,"The Investing Club holds its ""Morning Meeting"" every weekday at 10:20 a.m. ET.",CNBC,top news,https://www.cnbc.com/2026/04/14/cramer-wants-to-trim-this-mag-7-position-and-says-hold-on-to-another-one.html,,7794369
2026-04-14 16:47:01,We're making a disciplined sale as the market becomes increasingly overbought,We bought shares of this stock twice into the March sell-off. Now it's time for us to trim it.,CNBC,top news,https://www.cnbc.com/2026/04/14/were-making-a-disciplined-sale-as-the-market-becomes-increasingly-overbought.html,,7794581
2026-04-14 17:01:10,UK hit with big IMF growth downgrade as Iran war fuels inflation - Reuters,UK hit with big IMF growth downgrade as Iran war fuels inflation  Reuters,Reuters,business,https://news.google.com/rss/articles/CBMiqgFBVV95cUxNUk9hTGpCa05VR0d1OWtDWnZQSjgtV0FDdmR6VTBRc1NiUHZab1BfNG9aQzRDS1F1Y2FZMFFKbnFfblRRTFpETnY4a0kxS1BzVXdyS3dOZDhwUEdDYnpCa0xocTd5OUpEYjRIM09xYlhMOG9NU0tPWklfVnU4NHdQMjR5WTA1MGtsZFowZ2R5X3dpRTU1VEJDUmpJSUtDY21QNjdWbUl4a3dhUQ?oc=5,,7794163
2026-04-14 17:31:13,"Six ships turned around as part of Strait of Hormuz blockade, US military says - Reuters","Six ships turned around as part of Strait of Hormuz blockade, US military says  Reuters",Reuters,business,https://news.google.com/rss/articles/CBMivwFBVV95cUxOdXR6TlRNWmdLV2c4bTZPVGZCcmcxNW8wR21CRGFtSEFFdGlrUlAyekQ2STdhUjh0YkdUa2htUV80bXE2RDk0b2ROU3ZFU1RVMVM1eGc3U21Ob2Z2RkptX3ZYTTljekF0aE56SGtvTk5QMFV6TEZRMXg2RldvQ2dpVVEwd2plRk1fVGp6QXFWVm9pOTB1U0U3OXJrTnlkdXJrUzJObGZGXzJtYTNXVXA4MXNNWEU5Zi1RTGpxSEtzRQ?oc=5,,7794586
2026-04-14 17:34:32,UN's Guterres says highly probable Iran talks will restart - Reuters,UN's Guterres says highly probable Iran talks will restart  Reuters,Reuters,business,https://news.google.com/rss/articles/CBMisgFBVV95cUxONkh1OGZreVBQdnF2LS1vdm50N0dDeF9XMW1vekNlcWk5MGs1VTdzdzFXUjBCZ01iYjU5dGhyZm1YNGs0QUtaYjlGU3VJaENhNU1DWU9jWUdDVXFvanFaVGZVU3dOZlJiNDNFNVBrd3p5V0ZxeUROUmFPbk1VeUZYQ3ZtWGdxYmlyODJReGVmekNxbENialVpS1hpUXRwcGhMZlVwY0d3SDc2VWlWRG5XUldB?oc=5,,7795223
2026-04-14 18:03:43,"Germany must brace for prolonged Iran war energy shock, says finance minister - Reuters","Germany must brace for prolonged Iran war energy shock, says finance minister  Reuters",Reuters,business,https://news.google.com/rss/articles/CBMiwgFBVV95cUxQb25OWk1HSkxpS1ZhWm1kenpyaGhaeDhka1JkZFA2VWlVT1FyaGFPUm1takVfanUweWsza25BdkJEUldlQXhoRHhuWDREcGdLZk1xMnpUTmQzczNLMzVXbU5UU3A3eTE2c1VWbFkxYjNkbnNvNWNrN2ZNRW0zYVN1RjRoV3RtR0p2RHlIZ3k1SHcwLW9WbWUtQVU4d01fQVlRVjlINXhnR0g4RXB6RDRyRXFvTXhUWlYzeGtobFdLLUhzUQ?oc=5,,7797613
2026-04-14 18:40:12,US truckers' diesel spending hits record high on Middle East conflict - Reuters,US truckers' diesel spending hits record high on Middle East conflict  Reuters,Reuters,business,https://news.google.com/rss/articles/CBMitAFBVV95cUxNNHRtMFJaV1FBbmEwZzYyV0VzVWg2d2VVbHZQUy1PVUk0Y1VrWmNyXy1Gb1B3bDVFZENhM2VuaHJNaE1JbHJMd1FQLWQxNGh5Wjc5U3JYRGpHVXY3Wlc3YUpSeDUzTzJNVG54VnhYOTFZWTJqNl9OTHpXV2tadWtBUVlMVEstY3dVcDZVUXRDU0RLQnVfOWdFS2pYZzVTMzVJZ180TTJFbmNZblNpTkFjWWRlT1M?oc=5,,7794484
2026-04-14 19:06:48,Stocks keep the rally going and oil tumbles. Here's why we have some trepidation,"Every weekday, the Investing Club releases the Homestretch; an actionable afternoon update just in time for the last hour of trading.",CNBC,top news,https://www.cnbc.com/2026/04/14/stocks-keep-the-rally-going-and-oil-tumbles-heres-why-we-have-some-trepidation-.html,,7795007
2026-04-14 19:25:21,IMF slashes growth forecast for Middle East as Gulf exporters reel from impact of war - Reuters,IMF slashes growth forecast for Middle East as Gulf exporters reel from impact of war  Reuters,Reuters,business,https://news.google.com/rss/articles/CBMivwFBVV95cUxPYjRGcWpUQ3I4LThQYTkxR2FxanBacV9YOFd6ZHdjTmtpazltbDlCRlJBMUN4ZG9FaTB1cDk1aXB0d0E1WE1Bal91dDlOLUJMU0ttS1pZb0hxZTdNN0pNQ3FUT25qaHBncURVcHJOR1VRbzgwcFZKcVd2T1hWUW0tOVdDU1NGdjZFZWxrT0Z0NVU2VThVV0R6QUMySnItRUIxOXc1eGlzbUYyTUFzcTVzcy1SQXhwTW4zTmZDRDVXdw?oc=5,,7795225
2026-04-14 19:34:20,"Exclusive: US will not renew waiver on Iranian oil as it mounts pressure on Tehran, sources say - Reuters","Exclusive: US will not renew waiver on Iranian oil as it mounts pressure on Tehran, sources say  Reuters",Reuters,business,https://news.google.com/rss/articles/CBMirwFBVV95cUxOUWZpWDVqMEVHQ1QzTi1RS3l3YVk0MkUydTdOZ2MxSGVvekNuVG1Cd2xHM2lranBReWJreHFIWHgyLWYxSmQtdG1NbWQ5OWxzOElSeXY2RG5tUGh2UTV6aXhUSzMtNER6ejhEZjRLTy1DVkdreWFTZTRVci12RDlQZmYxdDdLSEx3dGQ3OS1pQW8xMzhpVmNCVnRIaFdQc3ZDX2hLQXFFMVRNUEZOOWdN?oc=5,,7794695
2026-04-14 19:58:02,Oil prices drop on hopes of more talks between US and Iran - Reuters,Oil prices drop on hopes of more talks between US and Iran  Reuters,Reuters,business,https://news.google.com/rss/articles/CBMiqwFBVV95cUxOMk4yUEhmMDdEOWhfbzRpZG8yS2tzS1JLaWp3YmFHUXp6LUduSllGX1llZHpPUDNTWnFKOGtINHhuVFVpVXlrNGRtMmVqNmNUWjVkQXljTHJDd2l3MVJmLXh2QVc4SDdBd1NOS1ZTOTEyeVlMY205cU1uQU0wcDlHZWJ6MHZIUmllNFB1VmxEb1NscF9Gck1hNmVaVkRZYlhmN0lQcE5CQlpwOXM?oc=5,,7791074
2026-04-14 21:03:33,"Trading Day: Wall Street jumps on optimism over revived US-Iran talks, focus on earnings - Reuters","Trading Day: Wall Street jumps on optimism over revived US-Iran talks, focus on earnings  Reuters",Reuters,business,https://news.google.com/rss/articles/CBMie0FVX3lxTE5YZFRjbEp4b0s1empsMWdlanNiWUg4RFJoZ1BldUNzT1FxcGZuOXE5OTFZb0tZdzFXV0twLVJyWVZCSVgwYkItaVZzMkpKZUZFQXBxMWZPMzlvS1NlMGFxc2V0SGFOTmdXdTRaaUxqTk4xLU92U2RvV3M1RQ?oc=5,,7795742
2026-04-14 21:34:36,Shark nets spark furore at Club Med’s first South African resort,A tourism v wildlife battle is raging just months ahead of the resort's opening.,Bloomberg,top news,https://www.bloomberg.com/news/articles/2026-04-14/shark-net-plan-sparks-furor-at-first-club-med-south-africa-resort,,7800557
2026-04-14 21:39:00,"US Democrats will try, and try again, to rein in Trump's Iran war powers - Reuters","US Democrats will try, and try again, to rein in Trump's Iran war powers  Reuters",Reuters,business,https://news.google.com/rss/articles/CBMipwFBVV95cUxQYlJ5b0E1SFZQTEFBVWVuczJ3MkVid2gwc2FlaEhRWEs3WWNvLTluRU50eFEzSTlaczFrMVlFSUtlZ1NDWERDQm8tT29ZMWxXQ1hiR1RvOUJhakpreWZGX2ItRnFZU2kwdjFfM2xNZFhNTVAwUmNKUGdCX0wtakcxQ2kwWnRiRTVDRFJxRUl2eGNfRGNJRmRNbE1MSlM0VFhweDNDaWFNdw?oc=5,,7795741
2026-04-14 21:53:44,"Canada oil and gas profits to surge on Iran war, but firms hold off new investment - Reuters","Canada oil and gas profits to surge on Iran war, but firms hold off new investment  Reuters",Reuters,business,https://news.google.com/rss/articles/CBMiuwFBVV95cUxOMXhOZUpMcHZSMEZlbDZZRHlrVTEzTUxYTjZuejkzeUw1dmQ2WmZIVDhNVnVfd0Q5OWVXc25uZThqVThfOFBUVWZEVXNoN3RXd19GaV9YVGJqeHg5WDE3YlktME05T3FKWkRDR2VCOURTUjZXVHk3djJ5ZVNVcExpaHpPY3VWUUlGVGk0NmJab1l5SWVTWVgwbzJnR2dIdHkyd0VRSEZjN2VOVVpkMkd3Q3Zyb185U1hwSHZB?oc=5,,7796258
2026-04-14 22:23:06,"Wall Street rallies on renewed hopes for US-Iran talks, earnings boost - Reuters","Wall Street rallies on renewed hopes for US-Iran talks, earnings boost  Reuters",Reuters,business,https://news.google.com/rss/articles/CBMitwFBVV95cUxQWnl4MW04VzZlWE1mWVBMdFdCQWFwZjNoQmZuSU5lVkRIaWgyQ3czMFkzcEJlMmhEdVpkZmVwdll0MEl1VjA3emZoWkJyNlFZcl9UNlVpZTRsVWJSRXF0VTdDb2ZSbFFyWjJXMEFwN2wxa0h5Q05VRnFOVTVCQzA2ampLcWhZeEVLZVcwUXhJNTJPMU5xWjJUcEYybGFWS0ExMzgwWlo1azBEMzhFNG9Zc1FCMGxlRjQ?oc=5,,7794372
2026-04-14 22:48:00,Vice President Vance says US-Iran mistrust cannot be solved overnight - Reuters,Vice President Vance says US-Iran mistrust cannot be solved overnight  Reuters,Reuters,business,https://news.google.com/rss/articles/CBMiwgFBVV95cUxNRHNQSV9xRERtd0FCZTl4VkFVWUtFSEJtOUJQS2FkVVpHc3BwNUN3TDFVSkY3djJOT0hpRDhMVHRkNUt3OS1Sd0pRU09JeGNUQ3BrbDEydVZMdzEzeGtEZ1ZVZ29aWmJtRzdzR0wxWEVDOExLQmUzQUFKSXhUSkxseW9IZ2RvVThKaE5PQ2tZZUpaTGJzLUdfWE5OdnFuUndVQm1PYzN5dG5uUkZwb3hvYmRRX01pMW5uTkVxQWo2N3g0dw?oc=5,,7796257
2026-04-14 22:50:38,Cramer: The market's biggest fears 'just didn't happen' – and that's why you can't leave the game,CNBC's Jim Cramer explained why bailing on stocks when things look bleak ends up hurting you in the long run.,CNBC,top news,https://www.cnbc.com/2026/04/14/jim-cramer-says-the-market-rally-shows-why-you-cant-bail-on-stocks.html,,7795740
2026-04-14 23:01:34,Airlines cancel flights amid Middle East conflict - Reuters,Airlines cancel flights amid Middle East conflict  Reuters,Reuters,business,https://news.google.com/rss/articles/CBMitgFBVV95cUxOdXZTZ3g4b1NGZkU4dmZUcDJoQ0N2YURqQ3pUNHhXeVQ2UmxlU3hLUTR1Z3lmdzUtc2NKWkVFNlIxSEJqUVZGX0tRZ25WNTVnYU9XUzAwUVJ1WlBfZllqaTczZXBWS3ZINHNwNUhBSWszYlJxT3Vkc2puTFZCOTJXY0NfU2luMEx5Qnpzdm9RTi1vRnEzQkYxQ2J3UlRqT0VHZHBBN3NLT3ZGWUg2UmN6ZkN2OUxrZw?oc=5,,7795743
2026-04-14 23:24:23,Treasury chief says US growth may exceed 3% or 3.5% this year despite Iran war - Reuters,Treasury chief says US growth may exceed 3% or 3.5% this year despite Iran war  Reuters,Reuters,business,https://news.google.com/rss/articles/CBMivAFBVV95cUxNVWxPT0gwTTFla3NrWHN1R1F2bkJDV1c5V05hcmtpeGhqWE1EQXNGV0hIU3p5TjhCX2JkUEpmRVJXaWdhZVRHVjMta2ZTNzVnbzBvTHJUODdDTVJBRW5Lb25IRy0wcm1fcVBzWUxDeVVlbjN2QzJOY1JtSXhhV3ZiTFRvdHhTZkhvWFNlUTdWOUFScno0b0xCT3RRYl81a0k1OUx5T3FYNEdoNUZGTmFZbjRGRzd4NnlKX3psUA?oc=5,,7796766
2026-04-14 23:26:05,"Female Iranian student arrives in Iran after release in France, state TV reports - Reuters","Female Iranian student arrives in Iran after release in France, state TV reports  Reuters",Reuters,business,https://news.google.com/rss/articles/CBMizAFBVV95cUxNcmZaSV9LWlhxdnNjNHYtYXpXS3h0WXU1NG1haGpjQXpzZWw1MlVGZWpGT1FhNDk4N0hRLUo0UldnZ2I2cnJmZ3N5bF9HX3NzdV9aWWpycVg3aGdFZTFsTHpqeGVxMnc3NTNwVzlMXzBhNlIxUi0xWG03WG9RTjlaalR1ZUlqVVZsLVY4R1FNbVdhb3NVbGdra3pqdHRpUFAyMUVZY3ZrQnRkWW1tZHZXaklQT3gyUVg3Y3JCb3hLMG1QcjZ3X2JCS1VnRWo?oc=5,,7796976
2026-04-14 23:32:49,US Treasury's Bessent says China has been unreliable partner by hoarding oil during war - Reuters,US Treasury's Bessent says China has been unreliable partner by hoarding oil during war  Reuters,Reuters,business,https://news.google.com/rss/articles/CBMiwAFBVV95cUxOQzYwR2l2Q0N5MW82TlRyTGFfeTladkY3aFBYdF9MWVNXVkZFbkFCM2M3dXRVbHp4MkM3TVhYc0RKLXRCa0M5YUs1aW1pS25sNkxQUWRUcHJvam52N005TzFmMXhUTUhnbExjV0N5c3U1XzVjcmptOXVSU2NsT1dkTDgteTF1ckdXNGdUYU9PV2ktRDZsLUZjejdJUW1GYkVYMmZfMkF0cWJFOE9DQzk0c1VIcE01MUFEeDhKaTdnVUQ?oc=5,,7797408
2026-04-14 23:56:00,"US destroyer interdicts two oil tankers attempting to leave Iran, official says - Reuters","US destroyer interdicts two oil tankers attempting to leave Iran, official says  Reuters",Reuters,business,https://news.google.com/rss/articles/CBMiyAFBVV95cUxQS2ZscTN1MzFhXzZic2ZiTjRrSlpEX2VBaE83cjAzYkQ4a2ZHT25UOTFOZWhTb2JMS0pLXzRTNHRjQmprSzhtOHhKcWRkNGx0SS0xSVpvbVYtVm8wN0dudWRPTU50MFF0ZkFoT3UxcklYZmVERHpGTkdWclJMVDc0ZzFhT3czTUJkdXExbDFPQ2Jib3hyT0NuWGt6SDJEQnlubVZHaU10bERHTWRySTNjTTZVd1pfLTFHQmRSZm9lLVYzUUZFU3pHdQ?oc=5,,7796053
2026-04-15 01:01:00,Oil prices steady as Hormuz shipping constraints counter US-Iran peace hopes - Reuters,Oil prices steady as Hormuz shipping constraints counter US-Iran peace hopes  Reuters,Reuters,business,https://news.google.com/rss/articles/CBMitwFBVV95cUxNMTkyUVg1WDZSc3pKOWN3QUhwR3lHcjVrNlM0WC13Wmd6M1NLTmVQMUt4LUtrdFlwcEhnR0hQRkNLRElZVm5qWXlrQUs5SlBhc21SUjRPc1ltN2lpb2p6VVBRY2lIRFhCRXBYS3RGMEViZEpGYVJqVTZhUzVfZFVqMk56ZGVIREtYMms2dFZ1VGhmUVJyRG16bGpHNXdEaEZPVzVFb1dZWERGMS16T2tLUmVpeWF1c3c?oc=5,,7796256
2026-04-15 01:02:00,Iran war promises green edge for Asia as plastic packaging runs short - Reuters,Iran war promises green edge for Asia as plastic packaging runs short  Reuters,Reuters,business,https://news.google.com/rss/articles/CBMiuAFBVV95cUxNWUdzWjJ0X0diOWlZWHlkaEVpV0s1aDYyU1NsOHoyRV9kUE8zZkp5WTlBdFVlZEhJcTBHUzZrNE5sbkdUZWJGWml6UlJjYWZWUHBOOXJXNTdFQy1RcnF3RjZmTXJNeXlpSUZSQ0VLUFdrZ3g5dXRRejNrVzVsclBXSnhIaC1NbTMtV01aQjRKZjV2R1RsWVRfOTA4bDlSTWJNM0E0OW5yTHNycW53Zjl2N0VYZm82QU50?oc=5,,7797298
2026-04-15 01:12:00,Dollar drifts as investors gauge odds for renewed US-Iran peace talks - Reuters,Dollar drifts as investors gauge odds for renewed US-Iran peace talks  Reuters,Reuters,business,https://news.google.com/rss/articles/CBMiswFBVV95cUxNRXJWd1FqeEcwWUNKR2d0Q3lKMWNWN1NPUDNibTFjaTJfRjdiNVBoZ3plM0pGc3VDU1pyYXdBVnE1dElUSjNkNVdyOWM0YkdrN3JFbV9FR0NRODF1ZmpjYUMzNzM3M0tuTmMxMTNOYlFHRlYxSTNfODJPcWpQRS1FMFVLcVZ4RHhRTXN3V21vUGFXcWx6czdlZUNKeUptOERRQnV6M1ZZRzQ0VHdHMDNKQlgyUQ?oc=5,,7796975
2026-04-15 01:17:00,"Sanctioned China tanker turns back to Strait of Hormuz, day after Gulf exit - Reuters","Sanctioned China tanker turns back to Strait of Hormuz, day after Gulf exit  Reuters",Reuters,business,https://news.google.com/rss/articles/CBMirwFBVV95cUxObEh1ZmJsbmVzcEpEdlFGbFBFZ0tacGk1VUc4elh0c2Z4SnVtekJidTVNakY1OU5EcGZpSHp4VkpmdUU5Tzd4NElMb2VEUDF5OEF4WUotYURpdXZsZmp3bjZQVmxia08tR2xZcm5BRU1ZZVYtdmRCN2Z3NWk5bkZUWm4yZ1llcUd4clRCX3llR1FVWlktbEFuaDJHMXVvLS1IMEN1MWRhZUNPdHVZYjdj?oc=5,,7796357
2026-04-15 01:40:00,Former US Treasury Secretary Yellen says one Fed rate cut possible this year - Reuters,Former US Treasury Secretary Yellen says one Fed rate cut possible this year  Reuters,Reuters,business,https://news.google.com/rss/articles/CBMixwFBVV95cUxPVVc0MHdpUzBUcHFTVzRMNmtYSU9VTUM4eE5VeU5RY00ybzdyWkEzMl9VQUVmaVVXb2hCUnFVZElaSnk2bXZOcXQydWxWOTJuWXFYTldEbF9MV0tXR08wa2VUR2VEZDI1U0VPazFldmY3ZDVEMGRmRW1EMnhqVDcxOE4xcHVCYXM5R3pkNlVKemNPaU1laTQxUmpGanp2TUs5SHE0SldWcFYtVWtLYlE3U0xiZTBaSjVOODhKMWdubWZ4QW9ZM0FN?oc=5,,7796869
2026-04-15 01:57:00,"World shares gain, oil prices capped on hopes for US-Iran peace talks - Reuters","World shares gain, oil prices capped on hopes for US-Iran peace talks  Reuters",Reuters,business,https://news.google.com/rss/articles/CBMigwFBVV95cUxOV1RxNXNoOGFfZEh5M2VrZGJ1Q3djVG9mNGhfZDByeU9oUGhVYzVONmd1amxqaS1kZGVoa1V4Qmw3bnFRMW1ITG95T21BTlhGRllpU2tmSWdVRmVXTVRzbkNSZ3dHcjNwcDRVR0VsZ0ZmOC13MXFqUW9oMDFGajhzSkN1RQ?oc=5,,7796458
2026-04-15 02:10:00,Indian shares hit one-month high on hopes of resumption in U.S.-Iran talks - Reuters,Indian shares hit one-month high on hopes of resumption in U.S.-Iran talks  Reuters,Reuters,business,https://news.google.com/rss/articles/CBMiqAFBVV95cUxOSGpzVmFsRzJfRktrbHRPTElXUERDQUNFZW1yMGpVdm9uMmtUaTktRmdmRzdjWDhINVZBdE44NEVFVFhyZU9Yd05LcTlOR1ZpYmF5ZnJ0WGJIdXBmN0c4TjNPUWpjcW1IdzljLXIwX25Tb3Y3aGo5Q2dNRmpfQ2hYWlJaSmkxRmZ2VE5QQlZFNHlYVWhrRk5zOWtQU2xxd3pyU3k4bzUzdmE?oc=5,,7796974
2026-04-15 03:08:00,Saudi Arabia backstops Pakistan with $3 billion as UAE debt looms - Reuters,Saudi Arabia backstops Pakistan with $3 billion as UAE debt looms  Reuters,Reuters,business,https://news.google.com/rss/articles/CBMitAFBVV95cUxPbVNTWVR6cTU3cFo5SEF6a3owU3E5UXhrZGlLaW5EcExhbzR5RWF1b011S09vWl82NXZGQjQyeXB6VlJFY2xyckJPNElLSkVzdVlUNGtIZmVFeXVVZEUyVjRaTWpnVGc5ODNpcUgxbWZzbHVkSl9oSVo3MkVybGpueE5HVmhVa3ktOG1CQ0J0bnM2LXRUQV9qdDZYVlUwcnBQREhfdnh3ZHFUR284R2w5ZTdfX2U?oc=5,,7797088
2026-04-15 03:15:00,Gold drifts lower with eyes on US-Iran developments - Reuters,Gold drifts lower with eyes on US-Iran developments  Reuters,Reuters,business,https://news.google.com/rss/articles/CBMiqAFBVV95cUxORVlKejk0c1hYNHpfbER3Rno4MXJ0STg2ZzBHRFdMMDJxbHd0N1d3Rk5oaWxzM0ZybXdlaVBhTVpGbWFQRkdGaDVoUjJiSXdqRk5MWHBhdEkySV93RmhGM1hlYnJrckludGQwdVZ0ZkxtQ0VFeUY4djc3aVF1X2RhdGF5cnBDbER6TW9tamtpMlJiaUZuUU4tN3JsNlZocVJwWXNjb2NMLXg?oc=5,,7797509
2026-04-15 03:47:00,Trump doubles down in criticizing Pope Leo over Iran - Reuters,Trump doubles down in criticizing Pope Leo over Iran  Reuters,Reuters,business,https://news.google.com/rss/articles/CBMiywFBVV95cUxPdW90cUVScU5Ob2lXRjhTR1JUbVNuaENSbkhFaEU0dEhORlFJbndqSmQ3STJuLWFsOWl3SGlJRkNuUFk5b3ZGUExPc3dURUstdHN5QlM4Y3A5LUZUYkdGZ05DbU9TT0tQaV83ek56d1g0WEl4Rk8waWJUcW9iRUU2TkMyVVg5aHFkeElleTNwOTgtQVRkQ0hvZElNMFlFNFhCb1dyc19ZWXVoMGxsSHpIbXhnbzY5YnY0NU5Fcko1VzVmZmpyd3RaTzVlNA?oc=5,,7797612
2026-04-15 04:12:00,"Iran used Chinese spy satellite to target US bases, FT reports, Beijing denies story - Reuters","Iran used Chinese spy satellite to target US bases, FT reports, Beijing denies story  Reuters",Reuters,business,https://news.google.com/rss/articles/CBMiqgFBVV95cUxPNVN4NDhPS2lTeTExT0xVbC13SnBNQlhpQmxiQV9kSDF0bUFic0c2SDM2Q2txS0pKcDlST29WcmdpV21yQ3RMTUh4UVBKM1hQM0lfa1d6X3c2X2J1engtcnY4b19LLTFTTWlvc2ZWei1UdmhJT2hZRU5UbnRDN1BvS2VRdHpyQ3hjUVV1cnI0d3U5VXo3TFlPdmFMcEJhQ2dWdlI4ZUE3UmpsUQ?oc=5,,7797086
2026-04-15 05:54:00,Iranian crew members return home from Sri Lanka - Reuters,Iranian crew members return home from Sri Lanka  Reuters,Reuters,business,https://news.google.com/rss/articles/CBMingFBVV95cUxNR2VSYm91Z2tydUszb1lFRDJDRXRGWXp1LW1JTU03b0sxanpCbmVQam9yWDEtSUR6b05VaXJqTzRLVTRIemppRzJIQVMwR2hZR1hZUVR4VHRFMjVtcmcxOWdmRE1LbWU4eGJLUHBZb1RpbC1TSEF2LXNJakZYVWZpNDZmSldOYk9lWnlvU2prcDNoczNkVjFRbkVnTzh6UQ?oc=5,,7797510
2026-04-15 06:01:00,"Hermes, Kering shares sink as Iran war knocks luxury revival - Reuters","Hermes, Kering shares sink as Iran war knocks luxury revival  Reuters",Reuters,business,https://news.google.com/rss/articles/CBMirAFBVV95cUxNYnMwZlhVZ1p5UWJhSHZSelVmWVc0NUlvWUhlNlI5TTVEdVgtUnZmU2JsdXlJSC1kUzdsa1VEcG84UVhIaEtWNTZVbWN4YUo0dVpMdW9OcnFrWGpFWEQ0RUpvMlplbVlUMnN5Z0xRMHVXbnhRSVFQd3ZzRHlnaVRFZXZpMWFaS1Q3QmVZbWhPa041aF80UV91VUxySWV0emRUaUllUXpnNkRWamhI?oc=5,,7797720
2026-04-15 06:20:00,Europe's summer flights at risk as Iran war exposes refining decline - Reuters,Europe's summer flights at risk as Iran war exposes refining decline  Reuters,Reuters,business,https://news.google.com/rss/articles/CBMiuAFBVV95cUxObEotcERKQ0RhZDJUNU9Ibm1zS2R2ZVBwWFRfUV9zbVZMbzJDVEtXMjhrYUJhaEtScUlGVFJXTEpyY3k5cnJNTnk3akRkaGdqQXA1dTNUU19GX0JjVTFlYVprTTlDTmJ4QUhYSGY5TEw0SVh0S2dwSGlTNi1mcGVJV19zdHcyaDBSR25jZ0ZBSEYzdlV2azVBbGhZcGJTNDRlU0kwNWROeGh2Y3I1X2pDbHhOa1JkcWxh?oc=5,,7798495
2026-04-15 06:31:00,Back to square one? Markets bet Iran war is over - Reuters,Back to square one? Markets bet Iran war is over  Reuters,Reuters,business,https://news.google.com/rss/articles/CBMikgFBVV95cUxPeEphb0RQLVZKZndSRUJWbFp6RFNQdGZrU0Zldk54X21vLW53T1dMMFE2NVRjNDNqdkJYWkdHajhhVXhXRWJMLXpMZjYtWm1Hb283di1PNTZTN0ozM2dSYUw0SDg3bEVHOHloNlJIVUdRUmhlMlJ2Z3pOcnAyOG9LYks5RnhnMWJNSXAtc1hIOHV1UQ?oc=5,,7798496
2026-04-15 07:51:01,"Exclusive: India makes it easier for firms to cut IPO size after Iran war hits sentiment, email shows - Reuters","Exclusive: India makes it easier for firms to cut IPO size after Iran war hits sentiment, email shows  Reuters",Reuters,business,https://news.google.com/rss/articles/CBMi5wFBVV95cUxOX01qOEZHVjBueEh1RnRJYVJ2cHJDc3kzSzB2MVNLZ2VuNGlLREp3clFOdm5kbnNxc3NHTVlmVDlQWkdQTjFCU1daLXNzN19sVThJdkxobmdGdzhDZ3VyeGxUWlYtQkhBeEgxRnhVMFZUdG9NRHlvTjhCTGIyWlBlWkNacmNiRUNIMWZTcC1KTFI5Vkd0ZklQNUhBa2xZMWFBWm1OT0FtOWRwTTFvZFQyR0ZPRXpxbmhIR2JBQzU4SFQxNXVld3RQODBBRk1SOWxhU2VUS2k5aTFLQ01aTjM5aHVka3cxbEU?oc=5,,7797931
2026-04-15 10:00:01,"Walmart is refreshing the look of Great Value, its largest private label brand",The nation's largest grocer is giving the brand a more modern and colorful spin as other retailers invest in private label.,CNBC,business,https://www.cnbc.com/2026/04/15/walmart-redesigns-great-value-private-label-brand.html,,7798035
2026-04-15 10:08:55,"Dollar sheds bulk of Iran war premium, but few expect a sharper drop - Reuters","Dollar sheds bulk of Iran war premium, but few expect a sharper drop  Reuters",Reuters,business,https://news.google.com/rss/articles/CBMisAFBVV95cUxNZTJidVo0bXJCOVY1NGlMUFJ1YlppSHREVFJ4TkxCUFM0eU9VZXJaMjR1ZUFEMDRKcG9oeDFOUmdVSXlDdWcyaFp4X3Q2MnNWckZPbE02NlpmN3VPSFBrc05lUVJOeEl2d0VzdllfUmd6U1RPYzhiZEp3OHRhLXJVbzVvc0FHYVJUTkIxS3hwYTQ1d05uQ0FoYXRwQkhHcmdmWHJjZkJsVFlmdHUzOGxZUg?oc=5,,7798387
2026-04-15 10:15:01,Bank of America is set to report earnings. Here's what to expect,"Bank of America, the second-largest U.S. bank by assets, has topped expectations for earnings per share for 23 consecutive quarters.",CNBC,business,https://www.cnbc.com/2026/04/15/bank-of-america-bac-earnings-q1-2026.html,,7798037
2026-04-15 10:37:51,"Iran talks, Lebanon-Israel and Amazon's Globalstar deal - Reuters","Iran talks, Lebanon-Israel and Amazon's Globalstar deal  Reuters",Reuters,business,https://news.google.com/rss/articles/CBMimgFBVV95cUxQWi1aTW9oRks0bHFvNjR2OHQwU0hXN1J1eGRfTGJiaEV2dUstQVRsd1RTYVRDbFhESjU1VlYyZ3JoOWtkVzlscVFRbk9qQjhDZFJpUUVWTlAyaFVLMDJBYU9PWjE5NlJHZUdPbUVxVFJGd01NVmQzX3g1MzJZeVZyZXcwVHpqV0FCaXFLWGx0bjE0QXZxU1ZXOXV3?oc=5,,7798611
2026-04-15 10:46:10,"UAE VP discusses de-escalation efforts with Iran's speaker Qalibaf, WAM says - Reuters","UAE VP discusses de-escalation efforts with Iran's speaker Qalibaf, WAM says  Reuters",Reuters,business,https://news.google.com/rss/articles/CBMixwFBVV95cUxOY3IyOFlLa2pkUVJJeTUzYUE3SktaZXczSFhmbS1xN010Q1hvSWhlRDlnUjh1bWxxLTctWllvMmo0ZlMxZEZaWVgzejN3dlV1Z1pFUFJBTDNpbXZTN0hmTTZiZ1FlTW8zX0d0S29XV01TaGlHWU91LXdJTHI3WjdzQ0FtX21BZTlwamRyT2dKWWJmR1NOWnFUdkNVSVdYZ3Y0UVRJWXZqX3hhQmdSRUVBMmdrMnE0MXJ6ZjFmVnJOeUxHVEdLR0pZ?oc=5,,7798718
2026-04-15 10:57:46,"Erdogan says Turkey working to extend Iran ceasefire, continue talks - Reuters","Erdogan says Turkey working to extend Iran ceasefire, continue talks  Reuters",Reuters,business,https://news.google.com/rss/articles/CBMiuwFBVV95cUxNZ3p1Zmw0QUI3aklmVzZsM1puczh4ZWJiYWNELW8zZ2daSWZfcjZIR2w0NDdZT2oyWTNxYjB4YUVKX3ZsVzNEbXVwUkZZX3hSX3REbWxPVmdSVmtVYXNhNGdYR0paeUZjdG1kUDJCMUQ4OXJaT1hZdmhjenJiUTYyWkJOWXZCRmtXVWpiQXdDUFlvV2RYMXZjclcxQUROTFJBVEdJSjlCa0c3ZFgzdF9sYno0aE9jMGl2RWdv?oc=5,,7799266
2026-04-15 11:00:01,"Nearly 60% of U.S. farmers say their finances are getting worse as fertilizer, fuel costs rise: Survey","Rising fertilizer costs tied to global shipping disruptions are squeezing U.S. farmers, forcing cutbacks that could reduce crop yields and supply.",CNBC,business,https://www.cnbc.com/2026/04/15/us-farmers-struggling-to-afford-fertilizer-amid-iran-war.html,,7798255
2026-04-15 11:01:19,"United CEO had been considering a merger last fall, months before bringing it up to the Trump administration",United Airlines CEO Scott Kirby has said the next phase for U.S. carriers is figuring out how to better compete on a global stage.,CNBC,business,https://www.cnbc.com/2026/04/15/united-ceo-kirby-american-airlines-potential-merger.html,,7798251
2026-04-15 11:16:16,"EU warns of prolonged energy shock, forced cuts if Iran war continues - Reuters","EU warns of prolonged energy shock, forced cuts if Iran war continues  Reuters",Reuters,business,https://news.google.com/rss/articles/CBMi2AFBVV95cUxQRFVhbzliaUowMlVfWWhhRmJDQXRpNDVQU2Q0YXpGMzJ2NXVESm5LdTFRNVlKN3JjUzVWT0E3cDRkSURBNkJLUkwwRWZIZzFWUDdWRV9XOTdTc3VOUF85Z1BTYzZDM2lRaV9OLUl3RjZ4dlJwdlFDbElzY2JxXzdTdmVUUG1CRWR6akZJM2Z5RjRSaElnM3prSHdpdl9jR2VrMTJJRW1tMXR3Tm5WUEV4S3RWZ0YwVnB1d2hmTlNYVkNtWmRwY3BBRHNXWWxHUnBVb2pDTUNLNHA?oc=5,,7798610
2026-04-15 12:00:01,Top Energy Democrat probes Trump administration's preparations for Strait of Hormuz closure,"The strait has been effectively closed since the U.S. launched a war with Iran, spiking energy prices and whipsawing markets.",CNBC,top news,https://www.cnbc.com/2026/04/15/iran-war-martin-heinrich-trump-probe-strait-of-hormuz-closure.html,,7798489
2026-04-15 12:00:05,Starbucks launches beta app in ChatGPT to fuel new drink discovery,Starbucks is trying to find ways to entice U.S. customers back to its cafes.,CNBC,business,https://www.cnbc.com/2026/04/15/starbucks-launches-beta-app-in-chatgpt-to-fuel-new-drink-discovery.html,,7798491
2026-04-15 12:20:09,Dubai's landmark Burj Al Arab hotel will shut for 18-month refurb amid tourism decline - Reuters,Dubai's landmark Burj Al Arab hotel will shut for 18-month refurb amid tourism decline  Reuters,Reuters,business,https://news.google.com/rss/articles/CBMixgFBVV95cUxQaGs4Ti1hQVhUWlZDTWFoWmE5cXFNV0kxa25sdndhT0gzZDNDdE5xNUNzUHdIRmlFSzFuVjlHdjV5Um9fdmpiWE93S2oyYjREbkFiRWZFTFFhTWJhSlVkbHBiQWhiZ0o4a0hQTnJFSjBoeVN5Q045emJHSXZtOGhURDE2LXBSRVlDRTctWG9KTk5OV3hjLU50REJ5cVpKMnhydlhId1NJUXFORWx3dEpUdjNJX1ZzS19uRk1lSUpuclVHc2xEWVE?oc=5,,7798836
2026-04-15 13:04:42,We're taking some more big profits in a tech stock that just won't quit rallying,It's our second trim of this name this week. We right-sized the position Monday.,CNBC,top news,https://www.cnbc.com/2026/04/15/were-taking-some-more-big-profits-in-a-tech-stock-that-just-wont-quit-rallying.html,,7798714
2026-04-15 13:12:51,Jim Cramer's top 10 things to watch in the stock market Wednesday,The market is in extremely overbought territory after a remarkable comeback from the March lows.,CNBC,top news,https://www.cnbc.com/2026/04/15/jim-cramers-top-10-things-to-watch-in-the-stock-market-wednesday.html,,7798821
2026-04-15 13:47:45,"India urea prices double to $1,000 in tender on Iran war shock - Reuters","India urea prices double to $1,000 in tender on Iran war shock  Reuters",Reuters,business,https://news.google.com/rss/articles/CBMiwAFBVV95cUxQMUMyb1llVUc4bTcxTGRNV3lDZFY1d2k1d0JzX3VhNDNOY3N4aVdiRVVqZl9RbjY0UGVYRzRlVWpsa2I0MkgwSGdrRzhqRDZubGdiOExvb2RKVXBNWDNkaXJwUXRoaUM5eWZXTXZrOWU0bUVfZENGbzhxTWpnQllINkM1cG1jNEV2Y1VFVXRoZ3FaVHhKcmhUOEsxaUREUUlTbXVOQ2IxeVVpVXZHVmdtTndSVkpIMjBoWDBOT0xYUXY?oc=5,,7799491
2026-04-15 16:00:16,Trump says he asked China's Xi not to give Iran weapons - Reuters,Trump says he asked China's Xi not to give Iran weapons  Reuters,Reuters,business,https://news.google.com/rss/articles/CBMioAFBVV95cUxNaW8yRzRpZkFGTlN6aXpzUEFONndwLVVhNHhubTJBMmZ5aWxfbUoxVm11Rkw0ZjA0enRBempXdFhKX3BTTUVhb1FuV29VclNRSHBlbF82WmJSREc3RjM0aW9DQlBNa1RBY2JsSkVheWFkZUR1VUo3Z1pReGxXYlM2SmdfSlBYbkpHWTdXa1ZkcUo2ZUpuRjVRM1JNMXhweFdM?oc=5,,7798276
2026-04-15 16:19:27,US import prices increase below expectations; sharp rise anticipated due to Iran war - Reuters,US import prices increase below expectations; sharp rise anticipated due to Iran war  Reuters,Reuters,business,https://news.google.com/rss/articles/CBMingFBVV95cUxNSXY4M2hFTFh4SS1kbGMyTUhuM3JZLWJQbTdkemlkNHVvOXA1QWYyRmh6V0NLcTRZWURPV213Wl9zalhhV01wRnBQZ0Rsa1pfY2kza1pCZTNRdDFTekJsVGZST0tJWTYwRkg0U01oTUJ2aWswLS14X0FOVV9pMWVTa1N5U3UtUW1USGlBdE00N0xvNTZHMUE1aXVaZV9Ndw?oc=5,,7799925
2026-04-15 17:04:34,"Iran can go up to two months without oil exports before cutting output, analysts say - Reuters","Iran can go up to two months without oil exports before cutting output, analysts say  Reuters",Reuters,business,https://news.google.com/rss/articles/CBMizAFBVV95cUxQQnhPTDc2bkJPaXBGQ1VJb0JycWE0VzJSOTNERnlaYmtmbjBkZldRR1RWSW9ockdCUnl3UFptZWxRLTlReGl6cjJFQUZNWU4xZXlyVVRTenJFMGFGNVpVQ3ZmMkV3RXFfeU5ZakZjbU9OcmRBYnR1TWtFd2RKT01JTENERkhJOERyYlktVDN1bWdoT3dqTUtHd21OSW9vUzNNVGhJVXIzbmVJckRFUGFqY2NIaUVKdkZBQ2oyRDBiYzQyM2lwNExhaG5tRkk?oc=5,,7800135
2026-04-15 17:38:45,"Pakistan weighs spot LNG as Iran war hits supply, ramps up domestic oil and gas - Reuters","Pakistan weighs spot LNG as Iran war hits supply, ramps up domestic oil and gas  Reuters",Reuters,business,https://news.google.com/rss/articles/CBMiwAFBVV95cUxPUndXM0JiYkVMbS1WaTRUQi1vVkZsSi1pRlZ3ZUh4QnlGMDl3YjZ4NVczWUxCOTNObXJQS0pVNXk5VGhkbHFDcTBlVnhqUkU5TXFWMS1LZlZGVjk3QU5ZcFh2bHVzMXVCUjUzRUQ1b25sRmZvLTZ1VmxONWhhaGNhZ042TFVCMHVzd3VvZldaUFZ2eXhKemFwaTEzMklaYUMyVHU2cl9GZi0xanhvM0s0QUs2ckdiLXlBbFRuMEZ3b3I?oc=5,,7800456
2026-04-15 17:55:22,US may impose secondary sanctions on Iran oil purchases - Reuters,US may impose secondary sanctions on Iran oil purchases  Reuters,Reuters,business,https://news.google.com/rss/articles/CBMipwFBVV95cUxNUkFpb05jTnFxcFdfV0ktRlVTTS01SHdnSE81VnN0OWxBbXBKYzZHcjVFSVVIcGZPNmlnc0xySTM2S2NNNEV2V2pVWWUxYkxDcU5TdnlEdVlWMmJ3aDBkemlfa0x5akRyMkFZVXdkQXE0TkNWSGJOSWpRRnJGZ2JyTFJEVnpNcmQwUno2NHN1WThRSkd5NTNoUkEzbWJfTWlkZjV4X01JRQ?oc=5,,7800977
2026-04-15 18:02:56,Kremlin says US has rejected its proposal that Russia take Iranian uranium stocks - Reuters,Kremlin says US has rejected its proposal that Russia take Iranian uranium stocks  Reuters,Reuters,business,https://news.google.com/rss/articles/CBMixwFBVV95cUxQU0ZSZktxQ3pWTTZCaUs1dWlvNDBaVm1uYXdvYjlWVnZERFRHY2dBX01sVGg5RVZRMktwZFpOelcxY2lPRkZpa0I1VnVlRVdsd2lRMmZxQlBySUFTVjZJVGNTa0Q0RTRwZmJsLTZjOUlrLUFEMlg3c00xX3RuSGdLTE93cUZQdGFTNXVFSnFITjFFeXBBeVlGV2kzcXNmUDVmSEt4bWVJYlFFR1hBYXVZRWZzMnBJS0NDQmhsVDlGdlNMbkg0bVZN?oc=5,,7799924
2026-04-15 18:40:22,"Exclusive: Iran offers proposal allowing ships to exit Oman side of Hormuz free of attack, source says - Reuters","Exclusive: Iran offers proposal allowing ships to exit Oman side of Hormuz free of attack, source says  Reuters",Reuters,business,https://news.google.com/rss/articles/CBMiygFBVV95cUxOelhWMXh6eHhoaTFxUEMxS3RGR2lOeTl0MkZWMXJjWWxWaDUyUWlUZVE0WE9pMUozQngyekJNLWlMRTJSVVhPcWNpWmpxeG5SRVRLT3UzUkpfTVFRYmx1d29jQWowUjVrQ05odWpxSmVTY2RKVjNyRjRmZndiZ2NzYjNzNXZsNExWYU14MlNyRHZURXZEWFV1M2ljaG5hTW1uSTk1QndhS0JOekxMSHI0aDZWYVM2YUpaRE9jU1FqZnpza21PcjZSR0RR?oc=5,,7799819
2026-04-15 18:43:04,"For cruise lines, Iran conflict and oil prices threaten to dent profits","Even as the industry navigates choppy seas, cruise companies are looking for their next avenues for growth.",CNBC,business,https://www.cnbc.com/2026/04/15/iran-conflict-oil-prices-cruise-lines.html,,7799920
2026-04-15 19:48:20,White House offers no hint of Iran war cost as it seeks military funding surge - Reuters,White House offers no hint of Iran war cost as it seeks military funding surge  Reuters,Reuters,business,https://news.google.com/rss/articles/CBMixAFBVV95cUxOOExveDktZzU5ZDdwZ2pTTFhHTzdSUGluYk1rNHBkZHlweUNyNWZfbWlUS0dJVFVNQ1M1Z2ZXdi16SEhOY3JidUlRZUpHTWU0Si1OQTJkNXd2SWR0bDZpNVNWbUNOSjM1cmUyOGxBbmx3cTE5aGR3Q2EzOFk2YmVBaWNUZXI3YzV4SVd4T1NxSmtkb2xtNTYybGJZUTdoci1RQjEyMk9ZS3NXWUF5RWw4SURXMkVYTWwzaHlTenNkYUFPa2lR?oc=5,,7800455
2026-04-15 20:21:10,"Iran war puts US companies in wait-and-see mode, Fed report says - Reuters","Iran war puts US companies in wait-and-see mode, Fed report says  Reuters",Reuters,business,https://news.google.com/rss/articles/CBMirwFBVV95cUxQa3Q3WWxuOTczZC1xZEZ1N1FOQ1ZHaWx3bnd4VlNKRlhES3c5ckF6cGdfNFlsTkJfeHZaNjVqNE83RGl5N214X0o0TkVXX3JQbWhJcFdYRG1FM0FQazRYWFJ1QWhlVWJQTjdyRmI0dmM1Q3BOTDBwdlo4WnNDc0NHaFJYYkljNWlLcklGdjV5cmE5MkI4SXhOcGtJX0djWE1zaHdtUzFGMnRLQVVWc2NR?oc=5,,7800561
2026-04-15 20:27:13,"S&P 500 closes at fresh record, recovering all losses since start of US-Iran war - Reuters","S&P 500 closes at fresh record, recovering all losses since start of US-Iran war  Reuters",Reuters,business,https://news.google.com/rss/articles/CBMinwFBVV95cUxQR2NRdUlXMXp1NDdUYm9Ga0VkSlVjSVVhclU3Q0psVUE4ZDM4M3Y0Y0Zfdlc3OHdyT3NMZ1ZkUEtLaUtaMHZXZFJuc1k0V2VOV0NZSS1jSGdNelZCWHNMTVAxWXRTMnN3bVBreUFWeFFNdFVRcHZnTFBYVlJ6QVd0M2dJRHpfZkpycE0zWndocWNKOVpMTWNWY1hXWTJuMWM?oc=5,,7799923
2026-04-15 20:30:21,US Senate Republicans block latest bid to rein in Trump Iran war powers - Reuters,US Senate Republicans block latest bid to rein in Trump Iran war powers  Reuters,Reuters,business,https://news.google.com/rss/articles/CBMivAFBVV95cUxOVjBWMHdBM1ZVMXZXX1c0ekt4ZXFrVG5INXBMYTgwV3dIN1lBc2RGQlh3Mm9VcjExM2c2QlNibE1Nc0JUNzh0eGNYSWhLTktDeEJyempmYmJpVlc4SFU4WE1MbF9lbUpoS0lkZG9OaXktbW41ZEhTQlpMUXQ5b2c0RVF3Ml9Ya0ltYWpDUHA1endIVW0tbllmTkpGMWg0cy13SEowcmJ5bHAwcWZheTE4Z0RTLTlsTUJZTGlFRg?oc=5,,7800035
2026-04-15 20:32:41,"US probes suspicious oil trades made before Trump Iran pivots, source says - Reuters","US probes suspicious oil trades made before Trump Iran pivots, source says  Reuters",Reuters,business,https://news.google.com/rss/articles/CBMiwwFBVV95cUxObEFvSkkyTHhwcFNwbTkyQW41S0hJRDFlZko1VTVEY09SNU1MYnFQYVczUXVHWk4zMnExT08yb0hYRi1GanB1azdIQ284NkpOLWlnLXpqa0NheWpILUxibzhCLXdWWW9RTlZTY2czdnotaUYwS3J5QjNJYWVQWF9aZzhrNU1YUTBjWU85SzB3TnAybDJhQzZnaGxzXzlnRmlMYnJLRFZUU3JDX3hWcDRNSlFxc3I1SEVXN2xXS0VwM0lxUGc?oc=5,,7800242
2026-04-15 22:06:24,US warns that buyers of Iranian oil could be hit with sanctions - Reuters,US warns that buyers of Iranian oil could be hit with sanctions  Reuters,Reuters,business,https://news.google.com/rss/articles/CBMitwFBVV95cUxPdkVLU2x6LWQ5V3NfVmpCN0lVYmhqWjNJMUxKZ1l1YWNUTy15bnRIcVdXM1hKUVdiUDl2RFVXeU81MnJHREdlWnRPS3Z2YTQxOTdlQ2VyYUtuT2l2Y1lfcWVjTWNXTGFFa3g4SkIzRmdRS0xzallnOXVSMjhWMEx0N2tsbEx3TFRHWUJWNlRISlJVU1RvckR0eUJUVGVTUnJkX0U5MUpwemhRQVhGYmpKUlhjeWFTVGs?oc=5,,7800243
2026-04-15 22:29:13,"Spirit Airlines could liquidate as early as this week, sources say",The carrier is facing the added challenge of a spike in the price of fuel. Fuel is airlines' biggest expense after labor.,CNBC,top news,https://www.cnbc.com/2026/04/15/spirit-airlines-could-liquidate-as-early-as-this-week-sources-say.html,,7800765
2026-04-15 22:57:12,US optimistic of deal with Iran as it increases economic pressure - Reuters,US optimistic of deal with Iran as it increases economic pressure  Reuters,Reuters,business,https://news.google.com/rss/articles/CBMiuAFBVV95cUxQbGpCaU9NdC1EQ05JdmlTSzhYOHBBMllIclREbldIcDBYNi1sZmhQVHktOC1oWnBaNE43TWtIT29ZWE1BYXlzVWc3QjhvVEJHMmo0YTBjRUJBMmQ0ejloY05FakdvYk1NZXpBaExOeVBtSWV3WVVLNTdxYmhNbFlQNW04VzVXajJVNlZWS0hjbTN1NDlRWHd6Y3pwdzhmRURMM3hhYjlGLVctOEFoa1pRZzVlS2doRHdV?oc=5,,7797087
